{"pixel_accuracy": 0.2117280959757604, "mean_iou": 0.014927661257430237}